{
  "pageElement" : {
    "pageElements" : [ {
      "definition" : {
        "indexed" : true,
        "layout" : {
          "borderWidth" : 0,
          "marginBottom" : 0,
          "marginLeft" : 0,
          "marginRight" : 0,
          "marginTop" : 0,
          "opacity" : 100,
          "paddingBottom" : 0,
          "paddingLeft" : 0,
          "paddingRight" : 0,
          "paddingTop" : 0,
          "widthType" : "Fluid"
        },
        "name" : "Blog Entry Header"
      },
      "pageElements" : [ {
        "definition" : {
          "fragment" : {
            "key" : "entry-header"
          },
          "fragmentConfig" : { },
          "fragmentFields" : [ {
            "id" : "entryCategory",
            "value" : {
              "fragmentLink" : { },
              "text" : {
                "mapping" : {
                  "fieldKey" : "AssetVocabulary_45886",
                  "itemReference" : {
                    "contextSource" : "DisplayPageItem"
                  }
                }
              }
            }
          }, {
            "id" : "entrySubtitle",
            "value" : {
              "fragmentLink" : { },
              "text" : {
                "mapping" : {
                  "fieldKey" : "DDMStructure_Field09941854",
                  "itemReference" : {
                    "contextSource" : "DisplayPageItem"
                  }
                }
              }
            }
          }, {
            "id" : "imageAuthor",
            "value" : {
              "fragmentLink" : { },
              "text" : {
                "mapping" : {
                  "fieldKey" : "JournalArticle_authorName",
                  "itemReference" : {
                    "contextSource" : "DisplayPageItem"
                  }
                }
              }
            }
          }, {
            "id" : "entryAuthor",
            "value" : {
              "fragmentLink" : { },
              "text" : {
                "mapping" : {
                  "fieldKey" : "JournalArticle_authorName",
                  "itemReference" : {
                    "contextSource" : "DisplayPageItem"
                  }
                }
              }
            }
          }, {
            "id" : "entryImage",
            "value" : {
              "fragmentImage" : {
                "url" : {
                  "mapping" : {
                    "fieldKey" : "DDMStructure_Image12434647",
                    "itemReference" : {
                      "contextSource" : "DisplayPageItem"
                    }
                  }
                }
              },
              "fragmentLink" : { }
            }
          }, {
            "id" : "entryTitle",
            "value" : {
              "fragmentLink" : { },
              "text" : {
                "mapping" : {
                  "fieldKey" : "DDMStructure_Text83808013",
                  "itemReference" : {
                    "contextSource" : "DisplayPageItem"
                  }
                }
              }
            }
          } ],
          "indexed" : true
        },
        "type" : "Fragment"
      } ],
      "type" : "Section"
    }, {
      "definition" : {
        "fragmentStyle" : {
          "paddingBottom" : "8",
          "paddingTop" : "6"
        },
        "indexed" : true,
        "layout" : {
          "borderWidth" : 0,
          "marginBottom" : 0,
          "marginLeft" : 0,
          "marginRight" : 0,
          "marginTop" : 0,
          "opacity" : 100,
          "paddingBottom" : 10,
          "paddingLeft" : 0,
          "paddingRight" : 0,
          "paddingTop" : 6,
          "widthType" : "Fluid"
        },
        "name" : "Detailed Blog Text Section"
      },
      "pageElements" : [ {
        "definition" : {
          "fragment" : {
            "key" : "text-block"
          },
          "fragmentConfig" : { },
          "fragmentFields" : [ {
            "id" : "element-text",
            "value" : {
              "fragmentLink" : { },
              "text" : {
                "mapping" : {
                  "fieldKey" : "DDMStructure_RichText48363497",
                  "itemReference" : {
                    "contextSource" : "DisplayPageItem"
                  }
                }
              }
            }
          } ],
          "indexed" : true
        },
        "type" : "Fragment"
      } ],
      "type" : "Section"
    } ],
    "type" : "Root"
  },
  "settings" : {
    "colorSchemeName" : "01",
    "masterPage" : {
      "key" : "master-page"
    },
    "themeName" : "Classic",
    "themeSettings" : {
      "lfr-theme:regular:show-header" : "false",
      "lfr-theme:regular:wrap-widget-page-content" : "false",
      "lfr-theme:regular:show-header-search" : "false",
      "lfr-theme:regular:show-footer" : "false"
    }
  },
  "version" : 1.1
}