{
  "pageElement" : {
    "pageElements" : [ {
      "definition" : {
        "fragmentStyle" : {
          "backgroundColor" : "brandColor1",
          "marginBottom" : "7",
          "paddingBottom" : "7",
          "paddingTop" : "7"
        },
        "indexed" : true,
        "layout" : {
          "borderWidth" : 0,
          "marginBottom" : 8,
          "marginLeft" : 0,
          "marginRight" : 0,
          "marginTop" : 0,
          "opacity" : 100,
          "paddingBottom" : 8,
          "paddingLeft" : 0,
          "paddingRight" : 0,
          "paddingTop" : 8,
          "widthType" : "Fluid"
        },
        "name" : "Job Positions Header Section"
      },
      "pageElements" : [ {
        "definition" : {
          "indexed" : true,
          "layout" : {
            "borderWidth" : 0,
            "marginBottom" : 0,
            "marginLeft" : 0,
            "marginRight" : 0,
            "marginTop" : 0,
            "opacity" : 100,
            "paddingBottom" : 0,
            "paddingLeft" : 0,
            "paddingRight" : 0,
            "paddingTop" : 0,
            "widthType" : "Fixed"
          },
          "name" : "Header Section"
        },
        "pageElements" : [ {
          "definition" : {
            "fragment" : {
              "key" : "text-block"
            },
            "fragmentConfig" : { },
            "fragmentFields" : [ {
              "id" : "element-text",
              "value" : {
                "fragmentLink" : { },
                "text" : {
                  "mapping" : {
                    "fieldKey" : "JournalArticle_publishDate",
                    "itemReference" : {
                      "contextSource" : "DisplayPageItem"
                    }
                  }
                }
              }
            } ],
            "fragmentStyle" : {
              "marginBottom" : "3",
              "textColor" : "whiteColor"
            },
            "indexed" : true,
            "name" : "Job Publish Date"
          },
          "type" : "Fragment"
        }, {
          "definition" : {
            "fragment" : {
              "key" : "heading"
            },
            "fragmentConfig" : {
              "displayLevel" : "0",
              "headingLevel" : "h1"
            },
            "fragmentFields" : [ {
              "id" : "element-text",
              "value" : {
                "fragmentLink" : { },
                "text" : {
                  "mapping" : {
                    "fieldKey" : "DDMStructure_Text86395231",
                    "itemReference" : {
                      "contextSource" : "DisplayPageItem"
                    }
                  }
                }
              }
            } ],
            "fragmentStyle" : {
              "textColor" : "whiteColor"
            },
            "indexed" : true,
            "name" : "Job Position"
          },
          "type" : "Fragment"
        }, {
          "definition" : {
            "fragment" : {
              "key" : "heading"
            },
            "fragmentConfig" : {
              "displayLevel" : "0",
              "headingLevel" : "h1"
            },
            "fragmentFields" : [ {
              "id" : "element-text",
              "value" : {
                "fragmentLink" : { },
                "text" : {
                  "mapping" : {
                    "fieldKey" : "AssetVocabulary_45861",
                    "itemReference" : {
                      "contextSource" : "DisplayPageItem"
                    }
                  }
                }
              }
            } ],
            "fragmentStyle" : {
              "marginBottom" : "3",
              "textColor" : "brandColor3"
            },
            "indexed" : true,
            "name" : "Location"
          },
          "type" : "Fragment"
        }, {
          "definition" : {
            "fragment" : {
              "key" : "text-block"
            },
            "fragmentConfig" : { },
            "fragmentFields" : [ {
              "id" : "element-text",
              "value" : {
                "fragmentLink" : { },
                "text" : {
                  "mapping" : {
                    "fieldKey" : "DDMStructure_Field85015049",
                    "itemReference" : {
                      "contextSource" : "DisplayPageItem"
                    }
                  }
                }
              }
            } ],
            "fragmentStyle" : {
              "marginBottom" : "3",
              "textColor" : "whiteColor",
              "width" : "600px"
            },
            "indexed" : true,
            "name" : "Job Short Description"
          },
          "type" : "Fragment"
        } ],
        "type" : "Section"
      } ],
      "type" : "Section"
    }, {
      "definition" : {
        "fragmentStyle" : {
          "marginBottom" : "7"
        },
        "indexed" : true,
        "layout" : {
          "borderWidth" : 0,
          "marginBottom" : 8,
          "marginLeft" : 0,
          "marginRight" : 0,
          "marginTop" : 0,
          "opacity" : 100,
          "paddingBottom" : 0,
          "paddingLeft" : 0,
          "paddingRight" : 0,
          "paddingTop" : 0,
          "widthType" : "Fixed"
        },
        "name" : "Job Detailed Section and Applying Section"
      },
      "pageElements" : [ {
        "definition" : {
          "gutters" : true,
          "indexed" : true,
          "modulesPerRow" : 2,
          "numberOfColumns" : 2,
          "reverseOrder" : false,
          "rowViewports" : [ {
            "id" : "landscapeMobile",
            "rowViewportDefinition" : {
              "modulesPerRow" : 1
            }
          }, {
            "id" : "portraitMobile",
            "rowViewportDefinition" : { }
          }, {
            "id" : "tablet",
            "rowViewportDefinition" : { }
          } ],
          "verticalAlignment" : "top"
        },
        "pageElements" : [ {
          "definition" : {
            "columnViewports" : [ {
              "columnViewportDefinition" : {
                "size" : 12
              },
              "id" : "landscapeMobile"
            }, {
              "columnViewportDefinition" : { },
              "id" : "portraitMobile"
            }, {
              "columnViewportDefinition" : { },
              "id" : "tablet"
            } ],
            "size" : 4
          },
          "pageElements" : [ {
            "definition" : {
              "indexed" : true,
              "layout" : {
                "borderWidth" : 0,
                "marginBottom" : 0,
                "marginLeft" : 0,
                "marginRight" : 0,
                "marginTop" : 0,
                "opacity" : 100,
                "paddingBottom" : 0,
                "paddingLeft" : 0,
                "paddingRight" : 0,
                "paddingTop" : 0,
                "widthType" : "Fluid"
              },
              "name" : "Applying Section"
            },
            "pageElements" : [ {
              "definition" : {
                "fragment" : {
                  "key" : "button"
                },
                "fragmentConfig" : {
                  "buttonVariant" : "primary",
                  "buttonSize" : "sm",
                  "buttonWidth" : "v-100"
                },
                "fragmentFields" : [ {
                  "id" : "link",
                  "value" : {
                    "fragmentLink" : { },
                    "text" : {
                      "value_i18n" : {
                        "en_US" : "Apply Now"
                      }
                    }
                  }
                } ],
                "fragmentStyle" : {
                  "marginBottom" : "2"
                },
                "indexed" : true
              },
              "type" : "Fragment"
            }, {
              "definition" : {
                "fragment" : {
                  "key" : "button"
                },
                "fragmentConfig" : {
                  "buttonVariant" : "secondary",
                  "buttonSize" : "sm",
                  "buttonWidth" : "v-100"
                },
                "fragmentFields" : [ {
                  "id" : "link",
                  "value" : {
                    "fragmentLink" : { },
                    "text" : {
                      "value_i18n" : {
                        "en_US" : "Apply Later"
                      }
                    }
                  }
                } ],
                "fragmentStyle" : {
                  "marginBottom" : "4"
                },
                "indexed" : true
              },
              "type" : "Fragment"
            }, {
              "definition" : {
                "fragment" : {
                  "key" : "text-block"
                },
                "fragmentConfig" : { },
                "fragmentFields" : [ {
                  "id" : "element-text",
                  "value" : {
                    "fragmentLink" : { },
                    "text" : {
                      "value_i18n" : {
                        "en_US" : "This company is committed to the equal treatment of all candidates and employees and to fostering a culture of dignity at work."
                      }
                    }
                  }
                } ],
                "fragmentStyle" : {
                  "marginBottom" : "3"
                },
                "indexed" : true
              },
              "type" : "Fragment"
            }, {
              "definition" : {
                "fragment" : {
                  "key" : "social-links"
                },
                "fragmentConfig" : { },
                "fragmentFields" : [ {
                  "id" : "socialTwitterLink",
                  "value" : {
                    "fragmentLink" : {
                      "value" : {
                        "href" : {
                          "value" : "https://twitter.com/"
                        }
                      }
                    }
                  }
                }, {
                  "id" : "socialLinkedinLink",
                  "value" : {
                    "fragmentLink" : {
                      "value" : {
                        "href" : {
                          "value" : "https://www.linkedin.com/"
                        }
                      }
                    }
                  }
                }, {
                  "id" : "socialFacebookLink",
                  "value" : {
                    "fragmentLink" : {
                      "value" : {
                        "href" : {
                          "value" : "https://www.facebook.com/"
                        }
                      }
                    }
                  }
                }, {
                  "id" : "socialInstagramLink",
                  "value" : {
                    "fragmentLink" : {
                      "value" : {
                        "href" : {
                          "value" : "https://www.instagram.com/"
                        }
                      }
                    }
                  }
                } ],
                "fragmentStyle" : {
                  "marginBottom" : "4"
                },
                "indexed" : true
              },
              "type" : "Fragment"
            }, {
              "definition" : {
                "fragment" : {
                  "key" : "text-block"
                },
                "fragmentConfig" : { },
                "fragmentFields" : [ {
                  "id" : "element-text",
                  "value" : {
                    "fragmentLink" : { },
                    "text" : {
                      "value_i18n" : {
                        "en_US" : "Powered By <span class=\"text-secondary\">Netrough Solutions</span>"
                      }
                    }
                  }
                } ],
                "indexed" : true
              },
              "type" : "Fragment"
            } ],
            "type" : "Section"
          } ],
          "type" : "Column"
        }, {
          "definition" : {
            "columnViewports" : [ {
              "columnViewportDefinition" : {
                "size" : 12
              },
              "id" : "landscapeMobile"
            }, {
              "columnViewportDefinition" : { },
              "id" : "portraitMobile"
            }, {
              "columnViewportDefinition" : { },
              "id" : "tablet"
            } ],
            "size" : 8
          },
          "pageElements" : [ {
            "definition" : {
              "fragment" : {
                "key" : "text-block"
              },
              "fragmentConfig" : { },
              "fragmentFields" : [ {
                "id" : "element-text",
                "value" : {
                  "fragmentLink" : { },
                  "text" : {
                    "mapping" : {
                      "fieldKey" : "DDMStructure_RichText65018287",
                      "itemReference" : {
                        "contextSource" : "DisplayPageItem"
                      }
                    }
                  }
                }
              } ],
              "fragmentStyle" : {
                "marginBottom" : "3"
              },
              "indexed" : true
            },
            "type" : "Fragment"
          } ],
          "type" : "Column"
        } ],
        "type" : "Row"
      } ],
      "type" : "Section"
    } ],
    "type" : "Root"
  },
  "settings" : {
    "colorSchemeName" : "01",
    "masterPage" : {
      "key" : "master-page"
    },
    "themeName" : "Classic",
    "themeSettings" : {
      "lfr-theme:regular:show-header" : "false",
      "lfr-theme:regular:wrap-widget-page-content" : "false",
      "lfr-theme:regular:show-header-search" : "false",
      "lfr-theme:regular:show-footer" : "false"
    }
  },
  "version" : 1.1
}