{
  "pageElement" : {
    "pageElements" : [ {
      "definition" : {
        "fragmentStyle" : {
          "backgroundColor" : "brandColor1"
        },
        "indexed" : true,
        "layout" : {
          "borderWidth" : 0,
          "marginBottom" : 0,
          "marginLeft" : 0,
          "marginRight" : 0,
          "marginTop" : 0,
          "opacity" : 100,
          "paddingBottom" : 0,
          "paddingLeft" : 0,
          "paddingRight" : 0,
          "paddingTop" : 0,
          "widthType" : "Fluid"
        },
        "name" : "Master Header - Section"
      },
      "pageElements" : [ {
        "definition" : {
          "fragmentLink" : {
            "href" : {
              "mapping" : {
                "itemReference" : {
                  "className" : "com.liferay.portal.kernel.model.Layout",
                  "fields" : [ {
                    "fieldName" : "friendlyURL",
                    "fieldValue" : "/home"
                  }, {
                    "fieldName" : "privatePage",
                    "fieldValue" : "false"
                  }, {
                    "fieldName" : "siteKey",
                    "fieldValue" : "Learning"
                  } ]
                }
              }
            }
          },
          "indexed" : true,
          "layout" : {
            "borderWidth" : 0,
            "marginBottom" : 0,
            "marginLeft" : 0,
            "marginRight" : 0,
            "marginTop" : 0,
            "opacity" : 100,
            "paddingBottom" : 0,
            "paddingLeft" : 0,
            "paddingRight" : 0,
            "paddingTop" : 0,
            "widthType" : "Fixed"
          },
          "name" : "Main Header Section"
        },
        "pageElements" : [ {
          "definition" : {
            "fragment" : {
              "key" : "main-navbar"
            },
            "fragmentConfig" : { },
            "fragmentFields" : [ {
              "id" : "imageLogo",
              "value" : {
                "fragmentImage" : {
                  "description" : {
                    "value_i18n" : { }
                  },
                  "url" : {
                    "value_i18n" : { }
                  }
                },
                "fragmentLink" : { }
              }
            } ],
            "indexed" : true,
            "widgetInstances" : [ {
              "widgetConfig" : { },
              "widgetInstanceId" : "nav",
              "widgetName" : "com_liferay_site_navigation_menu_web_portlet_SiteNavigationMenuPortlet"
            }, {
              "widgetConfig" : { },
              "widgetName" : "com_liferay_portal_search_web_search_bar_portlet_SearchBarPortlet"
            } ]
          },
          "type" : "Fragment"
        }, {
          "definition" : {
            "fragmentStyle" : {
              "hidden" : true
            },
            "gutters" : true,
            "indexed" : true,
            "modulesPerRow" : 3,
            "name" : "Website Logo and Navigations",
            "numberOfColumns" : 3,
            "reverseOrder" : false,
            "rowViewports" : [ {
              "id" : "landscapeMobile",
              "rowViewportDefinition" : {
                "modulesPerRow" : 1
              }
            }, {
              "id" : "portraitMobile",
              "rowViewportDefinition" : { }
            }, {
              "id" : "tablet",
              "rowViewportDefinition" : { }
            } ],
            "verticalAlignment" : "top"
          },
          "pageElements" : [ {
            "definition" : {
              "columnViewports" : [ {
                "columnViewportDefinition" : {
                  "size" : 12
                },
                "id" : "landscapeMobile"
              }, {
                "columnViewportDefinition" : { },
                "id" : "portraitMobile"
              }, {
                "columnViewportDefinition" : { },
                "id" : "tablet"
              } ],
              "size" : 2
            },
            "type" : "Column"
          }, {
            "definition" : {
              "columnViewports" : [ {
                "columnViewportDefinition" : {
                  "size" : 12
                },
                "id" : "landscapeMobile"
              }, {
                "columnViewportDefinition" : { },
                "id" : "portraitMobile"
              }, {
                "columnViewportDefinition" : { },
                "id" : "tablet"
              } ],
              "size" : 8
            },
            "type" : "Column"
          }, {
            "definition" : {
              "columnViewports" : [ {
                "columnViewportDefinition" : {
                  "size" : 12
                },
                "id" : "landscapeMobile"
              }, {
                "columnViewportDefinition" : { },
                "id" : "portraitMobile"
              }, {
                "columnViewportDefinition" : { },
                "id" : "tablet"
              } ],
              "size" : 2
            },
            "type" : "Column"
          } ],
          "type" : "Row"
        } ],
        "type" : "Section"
      } ],
      "type" : "Section"
    }, {
      "definition" : {
        "fragmentSettings" : {
          "unallowedFragments" : [ ]
        }
      },
      "type" : "DropZone"
    }, {
      "definition" : {
        "indexed" : true,
        "layout" : {
          "borderWidth" : 0,
          "marginBottom" : 0,
          "marginLeft" : 0,
          "marginRight" : 0,
          "marginTop" : 0,
          "opacity" : 100,
          "paddingBottom" : 0,
          "paddingLeft" : 0,
          "paddingRight" : 0,
          "paddingTop" : 0,
          "widthType" : "Fluid"
        },
        "name" : "Master Footer - Section"
      },
      "pageElements" : [ {
        "definition" : {
          "indexed" : true,
          "layout" : {
            "borderWidth" : 0,
            "marginBottom" : 0,
            "marginLeft" : 0,
            "marginRight" : 0,
            "marginTop" : 0,
            "opacity" : 100,
            "paddingBottom" : 0,
            "paddingLeft" : 0,
            "paddingRight" : 0,
            "paddingTop" : 0,
            "widthType" : "Fixed"
          },
          "name" : "Main Footer"
        },
        "pageElements" : [ {
          "definition" : {
            "fragment" : {
              "key" : "footer"
            },
            "fragmentConfig" : { },
            "fragmentFields" : [ {
              "id" : "footerText",
              "value" : {
                "fragmentLink" : { }
              }
            }, {
              "id" : "socialFacebookLink",
              "value" : {
                "fragmentLink" : {
                  "value" : {
                    "href" : {
                      "value" : "#"
                    }
                  }
                }
              }
            }, {
              "id" : "socialGithubLink",
              "value" : {
                "fragmentLink" : {
                  "value" : {
                    "href" : {
                      "value" : "#"
                    }
                  }
                }
              }
            }, {
              "id" : "socialYoutube",
              "value" : {
                "fragmentImage" : {
                  "url" : {
                    "value_i18n" : { }
                  }
                },
                "fragmentLink" : { }
              }
            }, {
              "id" : "socialInstagramLink",
              "value" : {
                "fragmentLink" : {
                  "value" : {
                    "href" : {
                      "value" : "#"
                    }
                  }
                }
              }
            }, {
              "id" : "socialFacebook",
              "value" : {
                "fragmentImage" : {
                  "url" : {
                    "value_i18n" : { }
                  }
                },
                "fragmentLink" : { }
              }
            }, {
              "id" : "socialTwitterLink",
              "value" : {
                "fragmentLink" : {
                  "value" : {
                    "href" : {
                      "value" : "#"
                    }
                  }
                }
              }
            }, {
              "id" : "socialInstagram",
              "value" : {
                "fragmentImage" : {
                  "url" : {
                    "value_i18n" : { }
                  }
                },
                "fragmentLink" : { }
              }
            }, {
              "id" : "socialYoutubeLink",
              "value" : {
                "fragmentLink" : {
                  "value" : {
                    "href" : {
                      "value" : "#"
                    }
                  }
                }
              }
            }, {
              "id" : "socialGithub",
              "value" : {
                "fragmentImage" : {
                  "url" : {
                    "value_i18n" : { }
                  }
                },
                "fragmentLink" : { }
              }
            }, {
              "id" : "socialLinkedinLink",
              "value" : {
                "fragmentLink" : {
                  "value" : {
                    "href" : {
                      "value" : "#"
                    }
                  }
                }
              }
            }, {
              "id" : "socialTwitter",
              "value" : {
                "fragmentImage" : {
                  "url" : {
                    "value_i18n" : { }
                  }
                },
                "fragmentLink" : { }
              }
            }, {
              "id" : "socialLinkedin",
              "value" : {
                "fragmentImage" : {
                  "url" : {
                    "value_i18n" : { }
                  }
                },
                "fragmentLink" : { }
              }
            } ],
            "indexed" : true,
            "widgetInstances" : [ {
              "widgetConfig" : { },
              "widgetInstanceId" : "mainNav",
              "widgetName" : "com_liferay_site_navigation_menu_web_portlet_SiteNavigationMenuPortlet"
            }, {
              "widgetConfig" : { },
              "widgetInstanceId" : "privacyNav",
              "widgetName" : "com_liferay_site_navigation_menu_web_portlet_SiteNavigationMenuPortlet"
            } ]
          },
          "type" : "Fragment"
        } ],
        "type" : "Section"
      } ],
      "type" : "Section"
    } ],
    "type" : "Root"
  },
  "settings" : {
    "colorSchemeName" : "01",
    "themeName" : "Classic",
    "themeSettings" : {
      "lfr-theme:regular:show-header" : "false",
      "lfr-theme:regular:wrap-widget-page-content" : "false",
      "lfr-theme:regular:show-header-search" : "false",
      "lfr-theme:regular:show-footer" : "false"
    }
  },
  "version" : 1.1
}