{
  "pageElement" : {
    "pageElements" : [ {
      "definition" : {
        "indexed" : true,
        "layout" : {
          "borderWidth" : 0,
          "marginBottom" : 0,
          "marginLeft" : 0,
          "marginRight" : 0,
          "marginTop" : 0,
          "opacity" : 100,
          "paddingBottom" : 0,
          "paddingLeft" : 0,
          "paddingRight" : 0,
          "paddingTop" : 0,
          "widthType" : "Fluid"
        },
        "name" : "Member Header Section"
      },
      "pageElements" : [ {
        "definition" : {
          "fragment" : {
            "key" : "member-header"
          },
          "fragmentConfig" : { },
          "fragmentFields" : [ {
            "id" : "memberImage",
            "value" : {
              "fragmentImage" : {
                "url" : {
                  "mapping" : {
                    "fieldKey" : "DDMStructure_Image62893761",
                    "itemReference" : {
                      "contextSource" : "DisplayPageItem"
                    }
                  }
                }
              },
              "fragmentLink" : { }
            }
          } ],
          "indexed" : true
        },
        "type" : "Fragment"
      } ],
      "type" : "Section"
    }, {
      "definition" : {
        "fragmentStyle" : {
          "paddingBottom" : "8",
          "paddingLeft" : "2",
          "paddingRight" : "2",
          "paddingTop" : "6",
          "textAlign" : "center"
        },
        "indexed" : true,
        "layout" : {
          "align" : "Center",
          "borderWidth" : 0,
          "contentDisplay" : "FlexColumn",
          "marginBottom" : 0,
          "marginLeft" : 0,
          "marginRight" : 0,
          "marginTop" : 0,
          "opacity" : 100,
          "paddingBottom" : 10,
          "paddingLeft" : 0,
          "paddingRight" : 0,
          "paddingTop" : 6,
          "widthType" : "Fluid"
        },
        "name" : "Member Information Section"
      },
      "pageElements" : [ {
        "definition" : {
          "fragment" : {
            "key" : "heading"
          },
          "fragmentConfig" : {
            "displayLevel" : "0",
            "headingLevel" : "h1"
          },
          "fragmentFields" : [ {
            "id" : "element-text",
            "value" : {
              "fragmentLink" : { },
              "text" : {
                "mapping" : {
                  "fieldKey" : "DDMStructure_Text49996067",
                  "itemReference" : {
                    "contextSource" : "DisplayPageItem"
                  }
                }
              }
            }
          } ],
          "indexed" : true,
          "name" : "Team Member Name"
        },
        "type" : "Fragment"
      }, {
        "definition" : {
          "fragment" : {
            "key" : "heading"
          },
          "fragmentConfig" : {
            "displayLevel" : "0",
            "headingLevel" : "h1"
          },
          "fragmentFields" : [ {
            "id" : "element-text",
            "value" : {
              "fragmentLink" : { },
              "text" : {
                "mapping" : {
                  "fieldKey" : "DDMStructure_Field67955398",
                  "itemReference" : {
                    "contextSource" : "DisplayPageItem"
                  }
                }
              }
            }
          } ],
          "fragmentStyle" : {
            "marginBottom" : "4",
            "textColor" : "brandColor3"
          },
          "indexed" : true,
          "name" : "Designation"
        },
        "type" : "Fragment"
      } ],
      "type" : "Section"
    }, {
      "definition" : {
        "fragmentStyle" : {
          "paddingBottom" : "7",
          "paddingTop" : "7"
        },
        "indexed" : true,
        "layout" : {
          "borderWidth" : 0,
          "marginBottom" : 0,
          "marginLeft" : 0,
          "marginRight" : 0,
          "marginTop" : 0,
          "opacity" : 100,
          "paddingBottom" : 8,
          "paddingLeft" : 0,
          "paddingRight" : 0,
          "paddingTop" : 8,
          "widthType" : "Fixed"
        },
        "name" : "Employee Detailed Description"
      },
      "pageElements" : [ {
        "definition" : {
          "fragment" : {
            "key" : "text-block"
          },
          "fragmentConfig" : { },
          "fragmentFields" : [ {
            "id" : "element-text",
            "value" : {
              "fragmentLink" : { },
              "text" : {
                "value_i18n" : {
                  "en_US" : "Employee Detailed Information"
                }
              }
            }
          } ],
          "fragmentStyle" : {
            "marginBottom" : "3",
            "textColor" : "brandColor3"
          },
          "indexed" : true
        },
        "type" : "Fragment"
      }, {
        "definition" : {
          "fragment" : {
            "key" : "text-block"
          },
          "fragmentConfig" : { },
          "fragmentFields" : [ {
            "id" : "element-text",
            "value" : {
              "fragmentLink" : { },
              "text" : {
                "mapping" : {
                  "fieldKey" : "DDMStructure_RichText19631126",
                  "itemReference" : {
                    "contextSource" : "DisplayPageItem"
                  }
                }
              }
            }
          } ],
          "indexed" : true
        },
        "type" : "Fragment"
      } ],
      "type" : "Section"
    } ],
    "type" : "Root"
  },
  "settings" : {
    "colorSchemeName" : "01",
    "masterPage" : {
      "key" : "master-page"
    },
    "themeName" : "Classic",
    "themeSettings" : {
      "lfr-theme:regular:show-header" : "false",
      "lfr-theme:regular:wrap-widget-page-content" : "false",
      "lfr-theme:regular:show-header-search" : "false",
      "lfr-theme:regular:show-footer" : "false"
    }
  },
  "version" : 1.1
}